A 5påplassen,txt
A 5påplassen navn,txt
A 5påplassen spørsmål,tit
A bl,bl
A bl høyre,bl
A bl høyre av,bl
A bl tittel,bl
A bt,bt
A bt hvit,bt
A bylineboks,SLETT
A epost,SLETT
A faktakilde,fakta
A faktaliste,fakta
A faktatit,fakta
A faktatxt,fakta
A fotobyline,bt
A ingress,ing
A ingress bullet,ing
A ingress stor,ing
A ingress stor bullet,ing
A mt,mt
A signatur,bl
A sitat,sitat
A sitat hvit,sitat
A sitat liten,sitat
A sitat stor,sitat
A sitatbyline,sitatbyline
A sitatbyline hvit,sitatbyline
A spørsmål,spm
A strek sort,SLETT
A temaord,tema
A temaord vignett,SLETT
A txt 1,txt
A txt 2,txt
A txt grotesk 1,txt
A txt grotesk 2,txt
B hint,txt
B mt adnotam,mt
B quiz,txt
B quizsvar,txt
B tit adnotam,tit
B tit vispør,tit
D bl,bl
D innleggboks,SLETT
D innleggtit,tit
D kilde,txt
D leder liste,txt
D leder tit,tit
D leder txt 0,txt
D leder txt 1,txt
D sms,txt
D stikktit liten,stikktit
D stikktit stor,stikktit
D tit 30,tit
D tit 60,tit
D tit 80,tit
D twitter,txt
D twitter 2,txt
D txt 0 initial 3 linjer,txt
D txt 0 initial 4 linjer,txt
D txt 1,txt
D txt 2,txt
D web info,txt
D web mt,mt
D web txt 1,txt
D web txt 2,txt
F ingress,ing
F sidehenvisning,SLETT
F stikktit,stikktit
F tit,tit
F tit liten,ing
K minstudietid,SLETT
K notis,txt
K stikktit,stikktit
K tit 30,tit
K tit 60,tit
K tit 90,tit
K tit 120,tit
K tit notis,tit
K undersaktittel,tit
M bl,bl
M bt,bt
M faktakilde,fakta
M faktaliste,fakta
M faktamt,fakta
M faktatit,fakta
M faktatxt,fakta
M ingress,ing
M ingress stor,ing
M mt,mt
M sitat,sitat
M sitat stor,sitat
M sitatbyline,sitatbyline
M tit 30,tit
M tit 60,tit
M tit 90,tit
M tit 120,tit
M txt 0,txt
M txt 1,txt
M txt 2,txt
M undersaktittel,tit
N notis,txt
N stikktit,stikktit
N tit 30,tit
N tit 60,tit
N tit 90,tit
N tit 120,tit
N tit notis,tit
N undersaktittel,tit
P anminfo,fak2
P anmtit,fak1
P novadag,plakdag
P novatxt,plaktxt
P plakdag,plakdag
P plaktxt,plaktxt
P plaktxt anbefalt,plaktxt
X brødtekst,txt
X grotesk 6pt,txt
X grotesk 7.5pt,txt
X kolofon hvit,txt
X kolofon sort,txt
X seksjon boks,txt
X tittel,tit
